implementation,balls,workers,steps,seed,runIndex,warmup,elapsedMs,throughput,coordinationMs,coordinationRatio,tasksSubmitted,jvm,os,availableProcessors
threads,2500,1,1000,42,1,false,1434.267000,697.220253,0.000000,0.000000,0,OpenJDK 64-Bit Server VM 21.0.11+10-LTS,Windows 11 10.0 amd64,12
threads,2500,1,1000,42,2,false,1513.152000,660.872140,0.000000,0.000000,0,OpenJDK 64-Bit Server VM 21.0.11+10-LTS,Windows 11 10.0 amd64,12
threads,2500,1,1000,42,3,false,1405.795800,711.340865,0.000000,0.000000,0,OpenJDK 64-Bit Server VM 21.0.11+10-LTS,Windows 11 10.0 amd64,12
threads,2500,1,1000,42,4,false,1405.192000,711.646522,0.000000,0.000000,0,OpenJDK 64-Bit Server VM 21.0.11+10-LTS,Windows 11 10.0 amd64,12
threads,2500,1,1000,42,5,false,1426.055700,701.234882,0.000000,0.000000,0,OpenJDK 64-Bit Server VM 21.0.11+10-LTS,Windows 11 10.0 amd64,12
threads,2500,2,1000,42,1,false,1225.867700,815.748714,0.000000,0.000000,0,OpenJDK 64-Bit Server VM 21.0.11+10-LTS,Windows 11 10.0 amd64,12
threads,2500,2,1000,42,2,false,1227.102900,814.927583,0.000000,0.000000,0,OpenJDK 64-Bit Server VM 21.0.11+10-LTS,Windows 11 10.0 amd64,12
threads,2500,2,1000,42,3,false,1205.539700,829.503997,0.000000,0.000000,0,OpenJDK 64-Bit Server VM 21.0.11+10-LTS,Windows 11 10.0 amd64,12
threads,2500,2,1000,42,4,false,1157.647700,863.820660,0.000000,0.000000,0,OpenJDK 64-Bit Server VM 21.0.11+10-LTS,Windows 11 10.0 amd64,12
threads,2500,2,1000,42,5,false,1154.624000,866.082811,0.000000,0.000000,0,OpenJDK 64-Bit Server VM 21.0.11+10-LTS,Windows 11 10.0 amd64,12
threads,2500,4,1000,42,1,false,1199.712800,833.532826,0.000000,0.000000,0,OpenJDK 64-Bit Server VM 21.0.11+10-LTS,Windows 11 10.0 amd64,12
threads,2500,4,1000,42,2,false,1191.158000,839.519191,0.000000,0.000000,0,OpenJDK 64-Bit Server VM 21.0.11+10-LTS,Windows 11 10.0 amd64,12
threads,2500,4,1000,42,3,false,1182.952600,845.342408,0.000000,0.000000,0,OpenJDK 64-Bit Server VM 21.0.11+10-LTS,Windows 11 10.0 amd64,12
threads,2500,4,1000,42,4,false,1217.805000,821.149527,0.000000,0.000000,0,OpenJDK 64-Bit Server VM 21.0.11+10-LTS,Windows 11 10.0 amd64,12
threads,2500,4,1000,42,5,false,1178.946500,848.214911,0.000000,0.000000,0,OpenJDK 64-Bit Server VM 21.0.11+10-LTS,Windows 11 10.0 amd64,12
threads,2500,8,1000,42,1,false,1253.999300,797.448611,0.000000,0.000000,0,OpenJDK 64-Bit Server VM 21.0.11+10-LTS,Windows 11 10.0 amd64,12
threads,2500,8,1000,42,2,false,1214.581000,823.329197,0.000000,0.000000,0,OpenJDK 64-Bit Server VM 21.0.11+10-LTS,Windows 11 10.0 amd64,12
threads,2500,8,1000,42,3,false,1255.530000,796.476388,0.000000,0.000000,0,OpenJDK 64-Bit Server VM 21.0.11+10-LTS,Windows 11 10.0 amd64,12
threads,2500,8,1000,42,4,false,1242.091000,805.093991,0.000000,0.000000,0,OpenJDK 64-Bit Server VM 21.0.11+10-LTS,Windows 11 10.0 amd64,12
threads,2500,8,1000,42,5,false,1271.962200,786.186885,0.000000,0.000000,0,OpenJDK 64-Bit Server VM 21.0.11+10-LTS,Windows 11 10.0 amd64,12
threads,2500,12,1000,42,1,false,1264.254900,790.979730,0.000000,0.000000,0,OpenJDK 64-Bit Server VM 21.0.11+10-LTS,Windows 11 10.0 amd64,12
threads,2500,12,1000,42,2,false,1324.247600,755.145790,0.000000,0.000000,0,OpenJDK 64-Bit Server VM 21.0.11+10-LTS,Windows 11 10.0 amd64,12
threads,2500,12,1000,42,3,false,1276.871000,783.164470,0.000000,0.000000,0,OpenJDK 64-Bit Server VM 21.0.11+10-LTS,Windows 11 10.0 amd64,12
threads,2500,12,1000,42,4,false,1259.055200,794.246352,0.000000,0.000000,0,OpenJDK 64-Bit Server VM 21.0.11+10-LTS,Windows 11 10.0 amd64,12
threads,2500,12,1000,42,5,false,1277.353900,782.868397,0.000000,0.000000,0,OpenJDK 64-Bit Server VM 21.0.11+10-LTS,Windows 11 10.0 amd64,12
threads,2500,13,1000,42,1,false,1384.934300,722.055913,0.000000,0.000000,0,OpenJDK 64-Bit Server VM 21.0.11+10-LTS,Windows 11 10.0 amd64,12
threads,2500,13,1000,42,2,false,1345.528300,743.202503,0.000000,0.000000,0,OpenJDK 64-Bit Server VM 21.0.11+10-LTS,Windows 11 10.0 amd64,12
threads,2500,13,1000,42,3,false,1425.066900,701.721442,0.000000,0.000000,0,OpenJDK 64-Bit Server VM 21.0.11+10-LTS,Windows 11 10.0 amd64,12
threads,2500,13,1000,42,4,false,1554.506500,643.290974,0.000000,0.000000,0,OpenJDK 64-Bit Server VM 21.0.11+10-LTS,Windows 11 10.0 amd64,12
threads,2500,13,1000,42,5,false,1377.997200,725.690879,0.000000,0.000000,0,OpenJDK 64-Bit Server VM 21.0.11+10-LTS,Windows 11 10.0 amd64,12
executor,2500,1,1000,42,1,false,1332.505300,750.466058,0.000000,0.000000,0,OpenJDK 64-Bit Server VM 21.0.11+10-LTS,Windows 11 10.0 amd64,12
executor,2500,1,1000,42,2,false,1304.216700,766.743747,0.000000,0.000000,0,OpenJDK 64-Bit Server VM 21.0.11+10-LTS,Windows 11 10.0 amd64,12
executor,2500,1,1000,42,3,false,1412.189900,708.120062,0.000000,0.000000,0,OpenJDK 64-Bit Server VM 21.0.11+10-LTS,Windows 11 10.0 amd64,12
executor,2500,1,1000,42,4,false,1462.726400,683.654852,0.000000,0.000000,0,OpenJDK 64-Bit Server VM 21.0.11+10-LTS,Windows 11 10.0 amd64,12
executor,2500,1,1000,42,5,false,1353.356500,738.903607,0.000000,0.000000,0,OpenJDK 64-Bit Server VM 21.0.11+10-LTS,Windows 11 10.0 amd64,12
executor,2500,2,1000,42,1,false,1390.130100,719.357131,0.000000,0.000000,0,OpenJDK 64-Bit Server VM 21.0.11+10-LTS,Windows 11 10.0 amd64,12
executor,2500,2,1000,42,2,false,1374.868200,727.342446,0.000000,0.000000,0,OpenJDK 64-Bit Server VM 21.0.11+10-LTS,Windows 11 10.0 amd64,12
executor,2500,2,1000,42,3,false,1568.789900,637.433987,0.000000,0.000000,0,OpenJDK 64-Bit Server VM 21.0.11+10-LTS,Windows 11 10.0 amd64,12
executor,2500,2,1000,42,4,false,1381.840900,723.672313,0.000000,0.000000,0,OpenJDK 64-Bit Server VM 21.0.11+10-LTS,Windows 11 10.0 amd64,12
executor,2500,2,1000,42,5,false,1365.718900,732.215099,0.000000,0.000000,0,OpenJDK 64-Bit Server VM 21.0.11+10-LTS,Windows 11 10.0 amd64,12
executor,2500,4,1000,42,1,false,1319.647700,757.778004,0.000000,0.000000,0,OpenJDK 64-Bit Server VM 21.0.11+10-LTS,Windows 11 10.0 amd64,12
executor,2500,4,1000,42,2,false,1372.852600,728.410319,0.000000,0.000000,0,OpenJDK 64-Bit Server VM 21.0.11+10-LTS,Windows 11 10.0 amd64,12
executor,2500,4,1000,42,3,false,1424.606000,701.948469,0.000000,0.000000,0,OpenJDK 64-Bit Server VM 21.0.11+10-LTS,Windows 11 10.0 amd64,12
executor,2500,4,1000,42,4,false,1338.136400,747.307972,0.000000,0.000000,0,OpenJDK 64-Bit Server VM 21.0.11+10-LTS,Windows 11 10.0 amd64,12
executor,2500,4,1000,42,5,false,1310.817000,762.882996,0.000000,0.000000,0,OpenJDK 64-Bit Server VM 21.0.11+10-LTS,Windows 11 10.0 amd64,12
executor,2500,8,1000,42,1,false,1305.762900,765.835819,0.000000,0.000000,0,OpenJDK 64-Bit Server VM 21.0.11+10-LTS,Windows 11 10.0 amd64,12
executor,2500,8,1000,42,2,false,1347.965200,741.858914,0.000000,0.000000,0,OpenJDK 64-Bit Server VM 21.0.11+10-LTS,Windows 11 10.0 amd64,12
executor,2500,8,1000,42,3,false,1376.127200,726.677011,0.000000,0.000000,0,OpenJDK 64-Bit Server VM 21.0.11+10-LTS,Windows 11 10.0 amd64,12
executor,2500,8,1000,42,4,false,1306.358800,765.486480,0.000000,0.000000,0,OpenJDK 64-Bit Server VM 21.0.11+10-LTS,Windows 11 10.0 amd64,12
executor,2500,8,1000,42,5,false,1306.303600,765.518827,0.000000,0.000000,0,OpenJDK 64-Bit Server VM 21.0.11+10-LTS,Windows 11 10.0 amd64,12
executor,2500,12,1000,42,1,false,1330.331000,751.692624,0.000000,0.000000,0,OpenJDK 64-Bit Server VM 21.0.11+10-LTS,Windows 11 10.0 amd64,12
executor,2500,12,1000,42,2,false,1328.102600,752.953876,0.000000,0.000000,0,OpenJDK 64-Bit Server VM 21.0.11+10-LTS,Windows 11 10.0 amd64,12
executor,2500,12,1000,42,3,false,1340.200800,746.156845,0.000000,0.000000,0,OpenJDK 64-Bit Server VM 21.0.11+10-LTS,Windows 11 10.0 amd64,12
executor,2500,12,1000,42,4,false,1365.346900,732.414597,0.000000,0.000000,0,OpenJDK 64-Bit Server VM 21.0.11+10-LTS,Windows 11 10.0 amd64,12
executor,2500,12,1000,42,5,false,1322.069800,756.389716,0.000000,0.000000,0,OpenJDK 64-Bit Server VM 21.0.11+10-LTS,Windows 11 10.0 amd64,12
executor,2500,13,1000,42,1,false,1394.097600,717.309893,0.000000,0.000000,0,OpenJDK 64-Bit Server VM 21.0.11+10-LTS,Windows 11 10.0 amd64,12
executor,2500,13,1000,42,2,false,1390.690900,719.067048,0.000000,0.000000,0,OpenJDK 64-Bit Server VM 21.0.11+10-LTS,Windows 11 10.0 amd64,12
executor,2500,13,1000,42,3,false,1407.459900,710.499816,0.000000,0.000000,0,OpenJDK 64-Bit Server VM 21.0.11+10-LTS,Windows 11 10.0 amd64,12
executor,2500,13,1000,42,4,false,1491.575000,670.432261,0.000000,0.000000,0,OpenJDK 64-Bit Server VM 21.0.11+10-LTS,Windows 11 10.0 amd64,12
executor,2500,13,1000,42,5,false,1386.170900,721.411768,0.000000,0.000000,0,OpenJDK 64-Bit Server VM 21.0.11+10-LTS,Windows 11 10.0 amd64,12
